Rol,Fecha_Sentencia,Corte de origen,Texto_sentencia,Leyes_mencionadas
555-2025,2025-05-22, C.A. de San Miguel,"San Miguel, veintidós de mayo de dos mil veinticinco.

Vistos y considerando:
Primero: Que, don Hugo Adrián Vallejos Garcés, administrador, en representación del Condominio El Trébol, interpone recurso de protección en contra de Compañía General de Electricidad S.A. (“CGE”), por no haber acatado dicha empresa lo resuelto por la Superintendencia de Electricidad y Combustibles (“SEC”) en el Oficio Ordinario N°256376, de 18 de noviembre de 2024.

Relata que el 31 de enero de 2024, CGE envió personal técnico al Condominio El Trébol para realizar trabajos consistentes en el cambio del medidor eléctrico correspondiente al Cliente N°2302125, ubicado en la Sala de Bombas elevadoras de agua potable sacada de un pozo profundo, de propiedad del condominio. Terminado ese trabajo y repuesto el suministro eléctrico, se detectó una falla en el funcionamiento de las bombas elevadoras de agua potable.

Indica que a raíz del episodio anterior, se presentó un reclamo a CGE, quien no dio respuesta por más de 30 días. Por tal motivo, se presentó un reclamo ante la SEC en contra de CGE, adjuntando los antecedentes incluyendo un informe técnico que identifica el daño causado a un variador de frecuencia que debió ser cambiado por la empresa de mantención y cuyo costo alcanzó la suma de $1.428.228.

Refiere que mediante Oficio Ordinario N°256376 de 18 de noviembre de 2024, la SEC dio respuesta al reclamo, dando por acreditado que los daños provocados se deben a causas que derivan de fluctuaciones en la calidad y seguridad del suministro eléctrico, en particular a fluctuaciones anormales de tensión provenientes de las redes de distribución.

Expone que luego de la resolución de la SEC solicitó a CGE un pronunciamiento en torno a reembolsar el monto de los daños. Aduce que la respuesta de CGE consta en oficio de 7 de enero de 2025 y elude su responsabilidad, desconociendo lo resuelto por la SEC.

Solicita que CGE sea ordenada a acatar el fallo de la SEC y reintegrar al recurrente el valor de la reparación del daño causado, es decir, la suma de $1.428.228.

Segundo: Que informa al tenor del recurso Nadia Muñoz Muñoz, Jefa de la División Jurídica de la SEC.

Señala que la producción, transporte, distribución, régimen de concesiones y tarifas de energía eléctrica y las funciones del Estado relacionadas con estas materias se rigen por la Ley General de Servicios Eléctricos (“LGSE”) y su Reglamento. El artículo 130 de la LGSE establece que la calidad de servicio de las empresas distribuidoras, en cuanto a tensión, frecuencia, disponibilidad y otros, corresponderá a estándares normales con límites máximos de variación determinados por los reglamentos. El artículo 139, a su turno, establece el deber de todo concesionario de mantener las instalaciones en buen estado y en condiciones de evitar peligro para las personas o cosas. Las infracciones a estas normas acarrean las multas correspondientes.

Explica que los artículos 221 a 224 del Reglamento de la LGSE materializan lo anterior, estableciendo la responsabilidad del concesionario por la calidad del suministro que entrega, salvo que la falla no sea imputable a la empresa y la SEC declare que existió caso fortuito o fuerza mayor. El artículo 243 de dicho Reglamento establece que las variaciones u holguras máximas permitidas de la tensión nominal en el punto de conexión, en los suministros otorgados en baja tensión, deberá estar dentro del rango de -7,5% a +7,5%, durante el 95% del tiempo de cualquiera semana del año o de siete días consecutivos de medición y registro.

En cuanto a los hechos que motivaron el recurso de autos, sostiene que el 14 de marzo de 2024 el recurrente presentó un reclamo por daños a artefactos, ingresado bajo el N°240314-000181. En él alegó que el 31 de enero de 2024, técnicos de CGE cambiaron un medidor y que estando en el lugar se detectó el no funcionamiento de las bombas elevadoras y se sintió un gran olor a quemado. La empresa habría acordado hacerse cargo del problema y solicitar un informe a la empresa de mantención para describir la falla y el presupuesto. La SEC dio traslado a CGE, solicitándole la remisión de todos los antecedentes pertinentes, los que fueron analizados al resolver el reclamo. La SEC ordenó además la suspensión de la facturación de los cargos que sean motivo del reclamo y no efectuar el corte de suministro, precisando que lo anterior no aplica a los cargos regulares, que deben continuar siendo pagados por el cliente bajo riesgo de corte de suministro.

Refiere que mediante Oficio Ordinario N°219653, de 3 de abril de 2024, se resolvió que no existen antecedentes que acrediten con efectividad que los daños provocados se deban a causas que derivan de la calidad y seguridad del suministro eléctrico.

Indica que posteriormente, mediante ingreso de 10 de abril de 2024, el reclamante dedujo un recurso de reposición en contra del Oficio N°219653, del que se concedió traslado a CGE. Ponderados los antecedentes, mediante Resolución Exenta N°2097, de octubre de 2024, la SEC desestimó el recurso.

Agrega que mediante presentación de 14 de agosto de 2024, ingresada bajo el N°240814-000300, el reclamante ingresó un nuevo reclamo. La SEC confirió traslado a CGE, el que evacuó mediante carta DGR N°14578881/2024, señalando que no se han aportado las pruebas necesarias para acreditar que los daños se deban a la calidad o seguridad del suministro. La SEC resolvió, mediante Oficio N°256376 de 18 de noviembre de 2024, que se han aportado pruebas suficientes para acreditar lo anterior, en base a que los antecedentes acompañados para resolver el reclamo, como el informe del servicio técnico presentado, son suficientes para determinar que las causas del daño de los artefactos se debieron a fluctuaciones anormales de tensión, provenientes de las redes de distribución.

Refiere que, posteriormente, por medio del Ingreso OP N°298708, de 17 de diciembre pasado, CGE se refirió al Oficio N°256376, señalando que en la fecha de los hechos, sus sistemas registran fallas de suministro eléctrico que pudiesen haber afectado la normal entrega del servicio, pero que el personal técnico constató que este tipo de falla no provoca daño en los artefactos eléctricos. Mediante presentación posterior, Ingreso OP N°298751, del mismo día 17 de diciembre, CGE señaló que el procedimiento realizado en el condominio en cuestión no genera corte de energía, por lo que la falla informada por el cliente no tiene relación con el trabajo ejecutado. Concluye que la causa de la interrupción obedece a una deficiencia en la instalación interior del cliente y los daños deben ser costeados de forma particular, sin que ello sea de responsabilidad de la compañía.

En cuanto al recurso de autos, señala que las actuaciones de la SEC se encuentran dentro del marco de cautelar la seguridad del servicio y la calidad del suministro eléctrico, razones por las cuales se dio lugar al reclamo del recurrente, especialmente en vista a que la propia recurrida reconoció que en la fecha de los hechos se presentaron fallas de suministro eléctrico. Sin perjuicio de lo anterior, indica que carece de las potestades legales para imponer indemnizaciones, materia que es de exclusiva competencia de los tribunales.

Tercero: Que informa al tenor del recurso Patricio Pinto Hurtado, en representación de CGE, solicitando el rechazo del recurso, con costas.

Expone que mediante Ordinario N°219653, de 3 de abril de 2024, la SEC rechazó el reclamo efectuado por el recurrente por estimar que no se habían aportado las pruebas necesarias que permitieran acreditar que los daños provocados en los artefactos del usuario se debían a causas que derivan de la calidad y seguridad del suministro eléctrico. Ante la insistencia del recurrente, mediante Resolución Exenta N°28097, de 16 de octubre de 2024, la SEC negó lugar al recurso interpuesto por el Sr. Hugo Vallejos en contra del Oficio Ordinario N°219653, ordenando mantener dicho oficio.

Señala que, posteriormente, el recurrente presentó un nuevo reclamo ante la SEC, la que emitió el Ordinario N°256376, de 18 de noviembre de 2024, el que sirve de fundamento a la acción de autos.

Alega que el conflicto sobre que versa la acción de autos debe ser resuelto por los tribunales ordinarios de justicia, tal como señala la SEC en el informe evacuado en estos autos. Son esos tribunales los competentes para, en un proceso de lato conocimiento, establecer la efectividad de los hechos reclamados, la existencia o no de responsabilidad de CGE, y el eventual monto de los perjuicios.

Esgrime que no existen derechos vulnerados en forma indubitada, por lo que la materia del recurso de autos escapa a aquellas que son propias de la naturaleza cautelar de la acción constitucional de protección. Niega, en cualquier caso, haber existido una acción ilegal o arbitraria por parte de CGE.

Aduce que la naturaleza cautelar de la acción ejercida no cubre lo solicitado por el recurrente en el sentido de que se le indemnicen perjuicios. Advierte que si esta Corte ordenara la no suspensión del servicio se estaría vulnerando el derecho de propiedad de CGE sobre los montos que la recurrente le adeuda, afectándose además el debido proceso, por cuanto la existencia o no de dicha deuda debe ser discutida y resuelta ante la justicia ordinaria, de acuerdo al contrato y no conforme a las tarifas reguladas.

Concluye alegando que la recurrente no señala cuáles serían las garantías constitucionales vulneradas, con lo cual impide a la recurrida pronunciarse sobre la existencia o no de esas vulneraciones y a esta Corte acoger el recurso, ya que esto último configuraría el vicio de ultra petita.

Cuarto: Que, el recurso de protección de garantías constitucionales, establecido en el artículo 20 de la Constitución Política de la República, constituye jurídicamente una acción de naturaleza urgente, destinada a amparar el legítimo ejercicio de las garantías y derechos indubitados y preexistentes consagrados en la Carta Fundamental, mediante la adopción de medidas de resguardo que se deben tomar ante un acto u omisión arbitrario o ilegal que impida, amenace o perturbe ese ejercicio. En este contexto, resulta que actúa ilegalmente tanto el que se aparta de la preceptiva vigente que lo obliga, como el que desconoce el derecho y obra contra ley o sin seguir lo que la ley le manda. Por su parte, actúa arbitrariamente el que decide y obra a su antojo, por mero capricho, sin razones o argumentos que apoyen su conducta.

Quinto: Que, el reclamante funda su acción en el incumplimiento por parte de la Compañía General de Electricidad S.A., de lo resuelto por la Superintendencia de Electricidad y Combustibles en Oficio Ordinario N°256376, de 18 de noviembre de 2024, en el que dio lugar a su reclamo por artefactos dañados (variador de frecuencia cuya reparación asciende $1.428.228 según informe técnico), tras concluir que los daños provocados en los artefactos del usuario se deban a causas que derivan de fluctuaciones en la calidad y seguridad del suministro eléctrico, en base a los antecedentes acompañados (cotización e informe técnico, carta respuesta de CGE, de 8 de marzo de 2024, y boleta emitida por CGE en julio de 2024).

Sexto: Que, para probar sus afirmaciones, el recurrente acompañó la carta DGR N°395670/2025, de 7 de enero de 2025, que recibió de parte CGE, que señala que “… [l]uego de analizar los antecedentes expuestos en su requerimiento, podemos señalar que, en la fecha indicada por usted, en nuestros sistemas se registran fallas de suministro eléctrico que pudiesen haber afectado la normal entrega del servicio, no obstante, el personal técnico constató que este tipo de falla no provoca daño en los artefactos eléctricos.

En relación con lo anterior, podemos concluir que los daños producidos dentro de la propiedad son de responsabilidad del cliente y deben resolverse de forma particular, no correspondiendo a una responsabilidad por parte de esta compañía.

En caso de que esta respuesta no le haya sido entregada dentro del plazo de 30 días desde la fecha de ingreso de su reclamo, no sea de su conformidad, en caso de incumplimiento de la solución comprometida por la empresa o considere que no resuelve el problema planteado en su reclamo inicial, usted tiene derecho a realizar el reclamo correspondiente ante la Superintendencia de Electricidad y Combustibles, SEC, a través de www.sec.cl o en las oficinas de las Direcciones Regionales de este Organismo Fiscalizador, debiendo adjuntar para tal efecto, el número de reclamo hecho ante esta empresa, y todo antecedente adicional que usted considere necesario….”.

Séptimo: Que, conforme a lo establecido en la Ley N°18.410, la Superintendencia de Electricidad y Combustibles tiene por objeto ejercer funciones de fiscalización y supervigilancia respecto del cumplimiento de las disposiciones legales, reglamentarias y técnicas que regulan la generación, producción, almacenamiento, transporte y distribución de combustibles líquidos, gas y electricidad. Lo anterior, con el fin de asegurar que la calidad de los servicios entregados a los usuarios se ajuste a lo dispuesto en dichas normas, y que las operaciones relacionadas, así como el uso de los recursos energéticos, no representen riesgos para personas o bienes, según lo dispone el artículo 2° del citado cuerpo legal.

Que, asimismo, el artículo 3°, numeral 17, de la mencionada ley, establece que corresponde a dicha Superintendencia conocer y resolver, previa audiencia de los interesados, los reclamos que se interpongan por, entre o en contra de particulares, consumidores o propietarios de instalaciones eléctricas, de gas o de combustibles líquidos, siempre que se refieran a materias comprendidas dentro del ámbito de aplicación de las normas legales y reglamentarias cuya observancia le corresponde fiscalizar.

Octavo: Que, el artículo 221° del Reglamento de la Ley General de Servicios Eléctricos establece que los concesionarios son responsables del cumplimiento de los estándares y normas de calidad del servicio. Por su parte, el artículo 224° refuerza esta responsabilidad, señalando que la empresa solo puede eximirse si la SEC declara expresamente la existencia de caso fortuito o fuerza mayor, lo que en el presente caso no ha ocurrido. La SEC resolvió, mediante Oficio Ordinario N°256376, que existieron fluctuaciones anormales de tensión provenientes de la red de distribución que causaron los daños denunciados
A mayor abundamiento, cabe destacar lo informado por la SEC en su Oficio Ordinario Electrónico N°275527, de 25 de marzo de 2025, que señala que “… es posible sostener que las actuaciones de este fiscalizador se encuentran dentro del marco de cautelar la seguridad del servicio y la calidad del suministro eléctrico, razones por las cuales se dio lugar al reclamo del recurrente, especialmente en vista a que la propia recurrida reconoce que en la fecha de los hechos se presentaron fallas de suministro eléctrico…”
Noveno: Que, la negativa de CGE a dar cumplimiento a lo resuelto por la autoridad sectorial competente, fundada exclusivamente en su propia valoración técnica de los hechos, constituye —a juicio de esta Corte— una conducta que reviste carácter de arbitraria e ilegal, por cuanto importa desconocer una resolución dictada por la Superintendencia de Electricidad y Combustibles en el ejercicio de atribuciones expresamente conferidas por la ley. Tal proceder contraviene el deber general de acatamiento de los actos administrativos firmes emanados de autoridades legalmente investidas.

Esta conducta, además, vulnera el derecho de propiedad del recurrente, garantizado en el artículo 19 N°24 de la Constitución, al impedirle el goce íntegro de su patrimonio, afectado por daños que ha debido cubrir con sus propios fondos ($1.428.228, según informe técnico), por causa imputable a CGE, según lo ha determinado la SEC en Oficio Ordinario N°256376, de 2024.

Por estas consideraciones y de conformidad con lo que dispone el artículo 20 de la Constitución Política de la República y el Auto Acordado de la Excma. Corte Suprema sobre la materia, SE ACOGE el recurso de protección deducido por don Hugo Adrián Vallejos Garcés, en representación del Condominio El Trébol, en contra de la Compañía General de Electricidad S.A., y se ordena a esta última pagar al recurrente la suma de $1.428.228.- por concepto de los gastos incurridos para reparar el daño causado.

Acordado con el voto en contra del ministro Mauricio Olave Astorga, quien fue del parecer de rechazar la acción constitucional de autos, por considerar que lo solicitado por el recurrente debe discutirse en la sede que ha prescrito especialmente para ello la ley del consumidor N°19496 la que prevé en sus artículos 3 letra C, 25 y 25 letra A, las causales atingentes a lo reclamado por él recurrente y de conformidad al procedimiento señalado en el artículo 50 letra H del mismo cuerpo legal, escenario que aparece como el óptimo para determinar con claridad el nivel de responsabilidad de la recurrida y el monto de los daños que logren acreditarse, todo bajo los principios que informan el debido proceso, en especial, el derecho a ser oído, presentar pruebas, hacer alegaciones jurídicas y obviamente impugnar la decisión del Tribunal respectivo.

Regístrese, comuníquese y archívese, en su oportunidad.

N°555-2025 Protección.

Pronunciada por la Tercera Sala de la Corte de Apelaciones de San Miguel, integrada por los ministros señora María Carolina Catepillán Lobos, señor Marcelo Olave Astorga y abogado integrante señora Florina Bueno Moraga.

Se deja constancia que no firma la ministro señora Catepillán, no obstante haber concurrido a la vista de la causa y posterior acuerdo del fallo, por estar haciendo uso de feriado legal.",Ninguna
25-2024,2025-05-20, C.A. de Puerto Montt,"Puerto Montt, veinte de mayo de dos mil veinticinco.
 
Vistos:
 
Primero: Que, en estos autos, se eleva en apelación la parte querellada y demandada The American School S.A., en contra de la sentencia de fecha veintinueve de diciembre de dos mil veintitrés seguida ante el Primer Juzgado de Policía Local de esta ciudad, que hizo lugar a la querella infraccional en contra de la demandada The American School S.A.
Segundo: Que, en lo pertinente, la parte recurrente solicita se revoque el fallo recurrido, indicando -entre otras cosas- que, la planificación presupuestaria permite subsistir económicamente al Colegio, y para ese efecto, resulta de la mayor importancia saber con antelación de qué fondos se dispondrá para el año siguiente y así tener certeza de que será factible cumplir sus objetivos, como son entre otros, la adquisición y mantención de variada infraestructura, mobiliaria y eventualmente inmobiliaria, el pago de remuneraciones del personal, en especial del docente, porque por mandato legal se deben pagar las remuneraciones docentes durante todo el año y hasta febrero siguiente, que es cuando finaliza el respectivo año lectivo. Sostiene que, para el presupuesto del año respectivo es esencial un arancel total, anual e indivisible y así poder respaldar los gastos planificados, integrando dicho presupuesto los pagos efectivos y documentados hechos por los apoderados para que el Colegio funcione, circunstancia conocida y aceptada por los apoderados con la debida antelación, y por ello la matrícula es anual, total e indivisible, no siendo posible por regla general, la devolución de los valores a los apoderados, lo que es conocido y aceptado por ellos. Indica que, solo en situaciones excepcionales como el traslado de ciudad o antecedentes médicos, se contemplan ciertas devoluciones, ya que de lo contrario, implicaría una desestabilización financiera relevante y posibles dificultades para que el Colegio pueda cumplir sus obligaciones, constituyendo una afectación de las facultades de administración del establecimiento.

Sostiene que, si bien en la querella infraccional se atribuyen incumplimientos a su parte de la Ley de Protección al Consumidor, a comienzos del mes de septiembre del año 2022, el querellante infraccional matriculó en el Colegio para el año 2023, a sus dos hijas, Sofía y Maite, cumpliendo con las exigencias dispuestas en el proceso administrativo de pagos, del que tomó debido conocimiento en su oportunidad. Argumenta que, no obstante lo anterior, el demandante dejó pasar más de cuatro meses para que recién a mediados de enero de 2023, notificara al establecimiento el retiro de Maite, para matricularla en otro colegio, y luego de otro lapso sin recibir las respuestas esperadas para regularizar la matrícula de Sofía, el querellante infraccional dio orden de no pago a los cheques con los que documentó el pago del arancel de matrícula y las colegiaturas.

Indica que, el actor termina demandando únicamente un supuesto daño emergente por los valores involucrados en la matrícula y el arancel relacionados con el retiro de su hija Maite, pero la posición de su parte, es que ninguna disposición de la Ley del Consumidor se vulneró, ya que lo que si se produjo es el respeto irrestricto al cumplimiento del contrato válidamente suscrito por las partes, por lo que acceder a lo solicitado por la demandante, equivaldría a infringir el contrato, por lo que legal y éticamente no procede acceder a las peticiones de la contraria.

Arguye que, la demandada cumplió sus obligaciones contractuales con la querellante y demandante civil, en el contexto de un contrato legalmente celebrado entre las partes, por lo que no existe incumplimiento ni ilegalidad alguna. Luego sostiene que, los contratos de adhesión, no son necesariamente reprochables en la Ley del Consumidor, y por ello el comienzo del Art. 16 de la ley realiza un distingo entre contratos de adhesión que producirán efectos respeto de los que no, por tanto, los que no se tipifican en las hipótesis allí previstas, pueden producir sus efectos; y es así, como al no encasillarse en la letra e) del art. 16, el contrato en análisis, queda perfectamente produciendo efectos. Sostiene que, las cláusulas abusivas son miradas como agresivas respecto del derecho del consumidor cuando implican renuncia de derechos, facultan al proveedor para cambiar condiciones contractuales a voluntad, o por cláusulas de irresponsabilidad ante efectos de su propio incumplimiento, y nada de eso se ha producido en el caso sub lite, indicando que la mención en el considerando quinto sobre los casos que podrán ser aceptados o rechazados por el Colegio a su arbitrio, no puede sostenerse que tengan el efecto de facultad meramente potestativa del establecimiento, toda vez que del rechazo de la devolución de los valores al apoderado se produce la extinción de un derecho, del derecho del consumidor a requerir la restitución de dichos valores, por lo que no nos encontraríamos ante una facultad meramente potestativa de las que no son válidas, que doctrinariamente se relacionan con las condiciones suspensivas.

Señala que, más aún, conceptualmente, no hay tal invalidez de dicha cláusula desde la perspectiva de ser una facultad meramente potestativa, toda vez que en términos prácticos, son infrecuentes los casos en que la terminación unilateral depende de la voluntad del obligado, normalmente es un proceso complejo en que interviene la contraparte, y cuando se comunica dicha voluntad, eso constituye un hecho voluntario y no una mera voluntad, señalando que, a mayor abundamiento, estas cláusulas no constituyen facultades en el sentido esgrimido, porque se encuentran en una interrelación de accidentabilidad con los derechos y obligaciones, pues estos últimos pueden tener una vida independiente de tales facultades en el contexto de esta citada complejidad, sin que su sola existencia condicione la totalidad de la relación.

Indica que, en la sentencia recurrida, no indica si siquiera una referencia a la circunstancia de que el derecho a retracto del demandante se haya ejercido excediendo el señalado por la propia Ley, ya que los arts. 3° ter y 23 de la Ley del Consumidor, no aplican, por transcurrir largamente el plazo de diez días para ejercerlo, (ya que transcurrieron más de cuatro meses en este caso), y si bien la ley contempla disposiciones sobre servicios educativos, únicamente contempla los de educación superior, y aun suponiendo una ficticia aplicación de dicho estatuto en el caso en análisis, indica que, igualmente dicho plazo transcurrió de manera holgada.

Entre otros argumentos, solicita se acoja el recurso de apelación y se revoque la sentencia apelada, en los términos formulados en su libelo.

Tercero: Que, con el mérito de los antecedentes que obran en el proceso y lo expuesto en la relación efectuada en la presente causa, estimando estos sentenciadores que la decisión impugnada se encuentra ajustada a derecho, teniendo presente además que la recurrente no plantea ni fundamenta técnicamente la forma en que la sentencia recurrida le habría producido el agravio señalado en su apelación, más allá de manifestar un desacuerdo con las conclusiones a las que arribó el tribunal a quo, se estima que, en la especie, se aplicó correctamente el derecho en el razonamiento efectuado por el tribunal de primera instancia al momento de analizar la querella infraccional, como también la demanda civil, como se aprecia de lo razonado claramente en los considerandos cuarto, quinto, sexto y séptimo, que luego lo lleva a concluir lo razonado en el considerando octavo del mismo fallo; razón por la cual el recurso de apelación será desestimado.

Y vistos, además, lo previsto en los artículos 14 y 32 de la Ley Nº18.287, normas pertinentes de la Ley N° 19.496, se declara;
Que, se confirma, sin costas de la instancia, y en todas sus partes, la sentencia en alzada, de fecha veintinueve de diciembre del año dos mil veintitrés, dictada por el Primer Juzgado de Policía Local de Puerto Montt.

Redacción de la Abogada Integrante María Paz Olavarría Pérez.
No firma el Fiscal Judicial (S) don Rodolfo Maldonado Mansilla, quien concurrió a la vista y acuerdo por haber cesado su cometido funcionario.
 
Regístrese y devuélvase.
 
Rol Policía Local Nº 25-2024.-",['19.496']
61-2025,2025-05-19, C.A. de Coyhaique,"Coyhaique, a diecinueve de mayo de dos mil veinticinco.

VISTOS:
En rol de esta Corte N°61-2025, en lo principal de presentación de fecha 26 de febrero del presente año, comparece doña CATALINA FRANCISCA MARTÍNEZ HERNÁNDEZ, Profesora General Básica, domiciliada en calle Los Notros N° 1115, comuna de Coyhaique, quien deduce recurso de protección en contra del BANCO DEL ESTADO DE CHILE, representada legalmente por doña Margot Angélica Barriga Manríquez, ignora profesión u oficio, domiciliada en calle Moraleda N°502, comuna de Coyhaique, por el acto arbitrario o ilegal, consistente en la negativa a restituir la suma correspondiente a 35 Unidades de Fomento, vulnerando así su derecho de propiedad, resguardado en el artículo 19 N° 24 de la Constitución Política de la República, solicitando, en definitiva: “(…) que la recurrida Banco del Estado, ya individualizada, deberá restituirme la suma correspondiente a 35 unidades de fomento, reembolsables a todo evento, dentro del plazo de 5 días hábiles o el que S.S.I determine desde que la sentencia que así lo ordene quede ejecutoriada: y. además, se decrete todas las medidas que juzgue necesarias o convenientes para restaurar el imperio del derecho y darme una protección debida, pronta y eficaz, con expresa condena en costas”. (sic)
Con fecha 26 de marzo de 2025, don Eduardo Enrique Vera Wandersleben, abogado, en representación de la recurrida, incorporó el informe requerido.

El 10 de mayo de 2025 se ordenó traer los autos en relación, procediéndose a la vista del recurso el día 13 del mismo mes y año, compareciendo únicamente ante este estrado la abogada doña Sofía Saralegui Aravena, por el recurso, tras lo cual el proceso quedó en estado de acuerdo.

CON LO RELACIONADO Y CONSIDERANDO:
PRIMERO: Que, la recurrente funda su petición señalando que, es cliente de Banco Estado, manteniendo una Cuenta RUT N° 19790243 y que el día 31 de enero de 2025, aproximadamente al medio día, recibió una llamada telefónica de alguien que se presentó como ejecutivo de la institución financiera, informándole sobre presuntos movimientos inusuales en su cuenta, percatándose, con el transcurso de la conversación, que se trataría de una estafa.

Explica que, concurrió a un ServiEstado, lugar en el que revisó su cartola y advirtió la existencia de distintos movimientos de dinero no autorizados, razón por la que retiró todo el dinero restante en su cuenta a fin de resguardo y, a continuación, refiere haberse dirigido a la Comisaria a realizar la denuncia por fraude, oportunidad en que le tomaron sus datos y declaración, además de haber denunciado tal situación telefónicamente ante el mismo banco.

Indica que, con fecha 4 de febrero de 2025, se acerca a dependencias de Banco Estado Coyhaique para averiguar los trámites necesarios a fin de solicitar la restitución de su dinero, ingresándose su solicitud bajo el número de caso 61345704, en la que, con fecha 6 de febrero, le informan que un documento estaría incompleto. En esa misma fecha y con asesoría de ejecutivos del banco, vuelve a ingresar su solicitud, de la cual obtiene respuesta el día 13 de febrero de 2025, rechazándose por no estar contemplada la situación descrita dentro de la Ley N° 20.009.

En cuanto a los derechos constitucionales vulnerados, refiere el derecho de propiedad, por cuanto la recurrida pretende que la recurrente asuma personalmente el costo del fraude, en circunstancias que a aquélla correspondía resguardar y dar seguridad en las transacciones, negándose a restituirle los fondos a su cuenta RUT.

Por otro lado, afirma que se vulnera lo dispuesto en la Ley N° 20.009 y las normas sobre protección de los derechos de los consumidores.

SEGUNDO: Que, don Eduardo Enrique Vera Wandersleben, abogado, en representación de la recurrida, informa al tenor del recurso, solicitando su rechazo.

Señala que, la materia se encuentra regulada en la Ley N°20.009, a propósito de los fraudes producidos en transacciones electrónicas, detallándose la forma de hacer efectiva la reclamación, sin perjuicio de los deberes de información y de seguridad que deben adoptar los usuarios para prevenir situaciones de uso indebido, fraude u otros riesgos.

Precisa que, la competencia y procedimiento para conocer de tales materias se encuentran regulados en la Ley N° 19.496 sobre Protección de los Derechos de los Consumidores, correspondiendo al respectivo Juzgado de Policía Local.

En cuanto a los hechos relativos al fraude del que fue víctima la recurrente, expresa que no proviene del Banco del Estado de Chile, sino de hechores que instruyeron a la actora a realizar determinadas acciones con el fin de copiar sus datos y códigos, haciendo hincapié en que una persona usuaria de medios electrónicos tiene un deber jurídico de conducirse en el uso de éstos con diligencia mínima, lo que la recurrente incumplió. En tal sentido, indica que para efectuar transacciones, se requiere necesariamente la digitación de su clave secreta personal, cuyo conocimiento y resguardo es de su exclusiva responsabilidad.

Por otro lado, sostiene que el Banco fue responsable en el cumplimiento de sus obligaciones legales de información respecto a las distintas formas de fraudes electrónicos.

Adiciona a lo anterior que, los resultados de la investigación de los hechos, permitieron concluir que la actora actuó con dolo o, a lo menos, culpa grave, ya que las transacciones se validaron con las medidas de seguridad vigentes; que al momento del reclamo la recurrente no manifestó haber sido víctima de hurto de algún dispositivo portador de sus claves de productos bancarios, razón por la que las operaciones fueron realizadas directamente por ésta siendo en extremo negligente y, finalmente, que el Banco cumplió con todas sus obligaciones en tanto a haber dispuesto de medidas comunicacionales de prevención y seguridad, por lo que la recurrente no se encuentra en situación de proceder conforme a las normas de la Ley N° 21.234, sobre acciones y excepciones de suspensión o de anulación de cargos.

TERCERO: Que, en esta materia se debe tener presente que el artículo 20 de la Constitución Política de la República establece que: “El que por causa de actos u omisiones arbitrarios o ilegales sufra privación, perturbación o amenaza en el legítimo ejercicio de los derechos y garantías establecidos en el artículo 19, números 1º, 2º, 3º inciso quinto, 4º, 5º, 6º, 9º inciso final, 11º,12º, 13º, 15º, 16º en lo relativo a la libertad de trabajo y al derecho a su libre elección y libre contratación, y a lo establecido en el inciso cuarto, 19º, 21º, 22º, 23º, 24°, y 25º podrá ocurrir por sí o por cualquiera a su nombre, a la Corte de Apelaciones respectiva, la que adoptará de inmediato las providencias que juzgue necesarias para restablecer el imperio del derecho y asegurar la debida protección del afectado, sin perjuicio de los demás derechos que pueda hacer valer ante la autoridad o los tribunales correspondientes”.

CUARTO: Que, en refuerzo del precepto constitucional traído a colación, se tiene en consideración que la Excma. Corte Suprema, en criterio compartido por este Tribunal, ha sostenido que el recurso de protección establecido en el artículo 20 antes transcrito, constituye jurídicamente una acción de evidente carácter cautelar, destinada a amparar el legítimo ejercicio de las garantías y derechos preexistentes que en esa misma disposición se enumeran, mediante la adopción de medidas de resguardo susceptibles de tomar ante un acto arbitrario o ilegal, que impida, amague o perturbe ese ejercicio.

QUINTO: Que, en tales términos y como aparece de su propia definición, es requisito sine qua non de esta acción cautelar, la existencia de un acto u omisión ilegal – es decir, contrario a la ley -, o arbitrario, - esto es, producto del mero capricho de quien lo comete - y que, como consecuencia del mismo se afecte una o más de las garantías preexistentes y protegidas por el Constituyente, lo cual será fundamental para la decisión a adoptar por parte del tribunal ante el cual se interpone el referido arbitrio.

Igualmente, debe esclarecerse que este remedio institucional sólo tiene por objeto proteger derechos indubitados y que no constituyan una esperanza o mera expectativa de constituir un derecho, pues no es un juicio declarativo de los mismos.

SEXTO: Que, a fin de centrar el objeto de análisis, debe expresarse que la recurrente ha hecho consistir el acto arbitrario o ilegal, en síntesis, en la negativa de la recurrida a restituir en su favor una suma correspondiente a 35 Unidades de Fomento, conforme a un reclamo ingresado debido a haber sido víctima de un fraude en su cuenta bancaria RUT, vulnerando así su derecho de propiedad, contemplado en el artículo 19 N° 24 de la Constitución Política de la República.

SÉPTIMO: Que, a partir de los antecedentes de la causa, apreciados de acuerdo a las reglas de la sana crítica, se pueden dar por establecidos los siguientes hechos:
1.- En la cuenta RUT de doña CATALINA FRANCISCA MARTÍNEZ HERNÁNDEZ, entre los días 28 a 30 de enero de 2025, se advierten distintos tipos de movimientos bancarios, que son desconocidos por ésta.

2.- Con fecha 30 de enero de 2025, doña CATALINA FRANCISCA MARTÍNEZ HERNÁNDEZ, realizó ante la 1° Comisaría de Coyhaique una denuncia por el delito contemplado en el artículo 7 letra a) de la Ley N°20.009, relativo al uso fraudulento de tarjetas de pago y transacciones electrónicas, describiendo los hechos de los que fue víctima.

3.- Con fecha 6 de febrero de 2025, doña CATALINA FRANCISCA MARTÍNEZ HERNÁNDEZ ingresó un reclamo ante el Banco del Estado, a fin de obtener la restitución de los fondos que alega haber sido fraudulentamente sustraídos de su cuenta.

4.- Con fecha 13 de febrero de 2025, el Banco del Estado, en respuesta a la solicitud ingresada, informa que fue rechazada la cancelación de los cargos o restitución de los fondos correspondientes a las operaciones reclamadas, dado que, la situación descrita no estaría contemplada dentro de la Ley N°20.009.

OCTAVO: Que, en aras de una acertada resolución del asunto planteado, se debe tener presente la normativa atingente al caso, dada por la Ley N° 20.009.

En tal sentido, la referida norma en su artículo 2° inciso primero, señala: “Los titulares o usuarios de medios de pago, así como los titulares de otras cuentas o sistemas similares que permitan efectuar transacciones electrónicas, en adelante referidos en forma conjunta como los ""usuarios"", podrán limitar su responsabilidad, en los términos establecidos por esta ley, en caso de hurto, robo, extravío o fraude, dando aviso oportuno al emisor”.
En ese sentido, el artículo 4° del citado cuerpo legal, regula el procedimiento instruido para reclamar ante la institución financiera, estableciéndose que éste se realiza en el plazo de treinta días hábiles siguientes al aviso y que, para hacer efectiva la reclamación, se podrá exigir al usuario la suscripción de una declaración jurada simple que indique el monto reclamado, la fecha de la operación, así como el producto y el medio a través del cual se realizó el fraude; además, para la cancelación o restitución de los fondos reclamados, se debe realizar una denuncia por los hechos constitutivos de fraude, debiendo acompañarse un respaldo al emisor.

Se agrega que, en los casos en que el usuario desconozca haber autorizado una operación, corresponderá al emisor probar que ella fue autorizada por el usuario y que se encuentra registrada a su nombre, precisando que el solo registro de las operaciones no bastará, necesariamente, para demostrar que esta fue autorizada por el usuario, ni que el usuario actuó con culpa o descuido
A continuación, el artículo 5° dispone que, siempre que el monto reclamado sea igual o inferior a 35 Unidades de Fomento, el emisor deberá proceder a la cancelación de los cargos o a la restitución de los fondos correspondientes a las operaciones reclamadas, dentro de diez días hábiles contados desde la fecha del reclamo o desde que se hubiere producido el daño patrimonial, que en el caso que el monto fuese mayor, deberá proceder a la cancelación o restitución hasta el equivalente al monto de dicho umbral, en igual plazo, que respecto del monto superior a dicha cifra el emisor tendrá siete días adicionales para cancelarlos, restituirlos al usuario o ejercer las respectivas acciones ante el Juzgado de Policía Local, en caso de recopilarse antecedentes que acrediten la existencia de dolo o culpa grave por parte del usuario.

Finalmente, el artículo 5° bis dispone que, si hubiere antecedentes suficientes de la existencia de dolo o culpa grave por parte del usuario, el emisor podrá suspender la cancelación de cargos y/o la restitución de los fondos, cualquiera sea el monto reclamado, lo que deberá informar al usuario y, además, deberá solicitar al juez de policía local competente una autorización para mantener dicha suspensión, la que de rechazarse, se deberá restituir o pagar, bajo el umbral previamente señalado, que de acogerse, el emisor, dentro de los 10 días siguientes a la notificación, deberá presentar la respectiva demanda y solicitar mantener dicha suspensión.

NOVENO: Que, de lo precedentemente revisado, se puede colegir que, presentándose un reclamo conforme a las normas ya señaladas, esto es, habiéndose hecho la denuncia respectiva y realizada la declaración jurada por fraude bancario, el Banco debe proceder al reintegro o cancelación hasta el umbral de 35 Unidades de Fomento, ello según se desprende del claro tenor de los artículos 4 y 5 de la Ley N° 20.009.

En el caso de marras, la recurrida se rehusó a la restitución de fondos, argumentando que la situación descrita no estaba contemplada dentro de la Ley N°20.009 y que las operaciones objetadas fueron realizadas bajo engaño y autorizadas por la recurrente con elementos de su exclusiva custodia y responsabilidad, sin existir vulnerabilidad en los sistemas del banco.

Sin embargo, sobre el particular, cabe señalar que la situación denunciada se encuentra dentro de las hipótesis descritas en el artículo 2° de la Ley N° 20.009, toda vez que se está en presencia de una situación de fraude respecto a transacciones electrónicas realizadas desde la cuenta de la recurrente.

Por otro lado, consta que la recurrente cumplió con las exigencias formales previamente descritas, puesto que, con fecha 30 de enero de 2025, procedió a denunciar los hechos ante la 1ª Comisaría de Carabineros de Coyhaique y, posteriormente, con fecha 6 de febrero de 2025, realizó la declaración jurada en cuestión individualizando la fecha, producto y los montos por los que fue defraudada, reingresando su reclamo el mismo día.

DÉCIMO: Que, en consecuencia, esta Corte estima que la entidad recurrida actuó de manera ilegal, al rehusarse a restituir los fondos reclamados en virtud de los artículos 4° y 5° de la Ley N° 20.009, pese a que la recurrente cumplió con las exigencias necesarias dispuestas para tales efectos, infringiendo así un procedimiento específico y normado en la ley que regula el ramo.

En esta orientación, si bien la recurrida funda su actuar, en parte, en un posible dolo o negligencia grave atribuido anticipadamente a la conducta de la requirente, cabe tener presente, que, conforme a las disposiciones analizadas, el Banco, en primer lugar, debía proceder a la restitución o cancelación de los fondos reclamados y, luego, en juicio de lato conocimiento, acreditar la invocada negligencia de la usuaria en el manejo de su información privada para revertir tal situación.

Por otro lado, también tenía a disposición la posibilidad de solicitar la autorización de mantención de la suspensión respectiva ante el Juez de Policía Local, conforme a lo dispuesto en el artículo 5° Bis de la Ley N° 20.009, para que, en el caso de acogerse dicha solicitud, proceder a presentar la demanda correspondiente, lo que no consta haberse realizado.

Junto con la denunciada ilegalidad en la conducta de la entidad bancaria, se aprecia también la concurrencia de arbitrariedad, desde que su actuación no ha cumplido con los cánones de proporcionalidad ni de razonabilidad que le son exigibles, en circunstancias que su cliente fue diligente en ceñirse al derrotero procedimental estatuido al efecto, constando no haber reconocido su voluntad de autorización en la realización de las operaciones bancarias cuestionadas.

UNDÉCIMO: Que, en virtud de lo anterior, ha de concluirse, necesariamente, que tal actuar de la recurrida ha conculcado el derecho de propiedad de la recurrente sobre el monto reclamado, al haberle privado de éste en perjuicio directo sobre su patrimonio, el cual se encuentra amparado en el número 24 del artículo 19, de la Constitución Política de la República, razón por la que el presente arbitrio habrá de prosperar en la forma que se declarará.

Consecuencialmente con lo expuesto, mérito de autos y lo establecido en el artículo 20, de la Constitución Política de la República, disposiciones legales citadas y Auto Acordado de la Excelentísima Corte Suprema de Justicia, del 24 de Junio del año 1992 y sus modificaciones, sobre Tramitación y Fallo del Recurso de Protección de Garantías Constitucionales se resuelve:
I.- Que, SE ACOGE el recurso de protección interpuesto por doña CATALINA FRANCISCA MARTÍNEZ HERNÁNDEZ en contra del BANCO DEL ESTADO DE CHILE, y, en consecuencia, se ordena a la recurrida a proceder a la restitución de los fondos reclamados por la actora, conforme a lo dispuesto en la Ley N° 20.009, respetando los umbrales en ella establecidos, de ser pertinente; todo lo anterior, sin perjuicio de lo que se pueda resolver por el Juzgado de Policía Local respectivo.

II.- Que se condena en costas a la recurrida.

Regístrese, notifíquese y archívese, en su oportunidad.

Redacción del Sr. Ministro Titular, don Luis Moisés Aedo Mora.
Rol N° 61-2025 (Protección).","['21.234', '20.009', '19.496']"
2099-2022,2025-05-19, C.A. de Santiago,"Santiago, diecinueve de mayo de dos mil veinticinco.

Vistos:
Se reproduce la sentencia en alzada, con excepción de sus fundamentos sexto a octavo, que se eliminan.

Y se tiene en su lugar y, además, presente:
1° Que consta del documento denominado “Solicitud de restitución de fondos conforme a la Ley N° 20.009”, que al presentar su reclamo, la clienta del banco declaró haber sido objeto de robo y fraude, indicando que el día 8 de octubre de 2021, a las 15:12 horas aproximadamente, sufrió un robo con intimidación en calle Santa Isabel con General Bustamante, oportunidad en la cual le sustrajeron dinero y su teléfono, para luego añadir que fue víctima de fraude ese mismo día, a las 19:57, que hace consistir en “jaqueo de cuenta bancaria y posterior transferencias electrónicas”. Anota que presentó denuncia ante carabineros al día siguiente. La clienta explica que sólo comunicó esta situación a un familiar a quien solicitó que llamara al teléfono robado lo que hizo, logrando comunicación con un tercero tras muchos intentos y que esa persona le dijo que su hermano menor había comprado el teléfono en la calle y que se lo devolvería, citándola a una estación del metro, donde lo esperó por 2 horas, sin que apareciera y que al día siguiente recién se percata en su correo, de la existencia de los movimientos que no reconoce, procediendo en ese momento a hacer el bloqueo de sus productos. Las transacciones cuestionadas fueron realizadas el mismo día del robo, entre las 19:57 y las 20:36 por un total de $1.810.000.

En la transcripción de la llamada telefónica con el operador del banco, se refiere mismo hecho y proceder.

A la audiencia de rigor, compareció como testigo el funcionario del área seguridad del banco demandante, quien dio cuenta del análisis que se hizo a los movimientos desconocidos en la cuenta bancaria, concluyendo que fueron todos autorizados con las claves de seguridad del cliente y sin modificación de dato alguno.

2° Que, con el mérito de la prueba relacionada, puede tenerse por establecido que la demandada sufrió el robo de su teléfono celular, con información confidencial útil para el acceso a su banco, de lo que no dio oportuno aviso al banco para obtener el bloqueo de sus productos a consecuencia de lo cual resultó perjudicada en una suma dineraria, dando aviso solo al día siguiente, después de advertir la existencia de las operaciones que desconoce.

La tardía reacción de la demandada corresponde a una actividad poco cuidadosa que configura a lo menos culpa grave por su parte, por cuanto, a partir del reconocimiento que realiza al momento de efectuar el reclamo ante el banco, es posible presumir, conforme las reglas de la sana crítica, que terceros se hicieron de elementos útiles para realizar las transacciones dubitadas, sin que la afectada alertara al banco de ello, descuidando así de manera grave, sus productos financieros. El modus operandi delictual de terceros excede la esfera de cuidado que debía otorgar el banco demandante de modo que no es posible predicar de aquél la existencia de infracción alguna en la seguridad que debe otorgar en la prestación de sus servicios.

Al efecto, debe tenerse en consideración que la seguridad en el tráfico online de productos financieros, pagos y transferencias, se encuentra cautelado por dos grupos de medidas de seguridad, una de las cuales corresponde a la seguridad que el banco debe proveer conforme a las más avanzadas tecnologías, en tanto el cliente debe hacerse responsable del cuidado de sus claves, App y aparatos electrónicos en que mantenga alojadas las claves de acceso y manejo de sus productos.

Por estas consideraciones y de conformidad, además, con lo dispuesto en las disposiciones citadas y lo previsto en los artículos 32 y siguientes de la ley 18.287, artículos 50 y siguientes de la Ley N.º 19.496, y artículo 5º de la ley 20.009, se revoca la sentencia apelada de veintiocho de julio de dos mil veintidós, pronunciada por el Quinto Juzgado de Policía Local de Santiago y, en consecuencia, se acoge la demanda deducida declarándose que la demandada deberá restituir el abono normativo efectuado por el banco, más intereses desde que la sentencia quede ejecutoriada, autorizándose al banco a dejar sin efecto la cancelación de los cargos que dieron origen a esta demanda, sin costas.

Regístrese y devuélvase.

Redactó la ministra Carolina Vásquez Acevedo.

N° 2099-2022 Policía Local.

Pronunciada por la Décima Tercera Sala de la Corte de Apelaciones de Santiago integrada con los ministros Carolina Vásquez Acevedo, Patricio Martínez Benavides y Fiscal Judicial Carla Troncoso Bustamante.

No firma la Fiscal Judicial Carla Troncoso Bustamante por encontrarse ausente.",['20.009']
163-2024,2025-05-16, C.A. de La Serena,"La Serena, dieciséis de mayo de dos mil veinticinco.

VISTO:
Teniendo presente que, aun siendo efectivo que el artículo 5 de la Ley N°20.009 remite -en cuanto al procedimiento- a las normas previstas en los Párrafos 1° y 2° del Título IV de la ley N°19.496 sobre protección de los derechos de los consumidores -cuerpo legal que, a su vez, hace aplicables en lo no previsto las disposiciones de las Leyes N°18.287 y N°15.231, así como las normas del Código de Procedimiento Civil- examinada en su contexto la disposición del inciso cuarto del artículo 9 de la Ley N°18.287 se concluye que ella no resulta aplicable al caso en examen en la medida que supone, para su procedencia, que se esté ante el ejercicio de una acción contravencional, en carácter de principal, a la que se agrega una acción civil -siempre que sea intentada en forma oportuna-, consideración que llevará a revocar la resolución en alzada, como se dirá en lo resolutivo, pues tratándose del ejercicio de la declaración de dolo o culpa grave que se persigue a través de la demanda, no existe ámbito contravencional al que pueda acceder una acción civil, tornando improcedente la sanción procesal de caducidad que fuera aplicada, la que, además, por su naturaleza excepcional debe ser interpretada en forma estricta.

Por estas consideraciones y, visto, además, lo prescrito en los artículos 32 de la Ley 18.287 y 186, 223 y 227 del Código de Procedimiento Civil, SE REVOCA la resolución de veintiuno de agosto de dos mil veinticuatro y, en su lugar, se dispone que el tribunal a quo deberá fijar nuevo día y hora para la celebración del comparendo de estilo.

Devuélvase.

Rol No.163-2024 P. Local.",Ninguna
205-2024,2025-05-16, C.A. de San Miguel,"San Miguel, dieciséis de mayo de dos mil veinticinco.

Al folio 17: Téngase presente.

Vistos:
Se reproduce la sentencia apelada.
Y se tiene, además, presente:
Primero: Que conforme al inciso primero del artículo 24 de la Ley 19.496 que establece normas sobre protección de los derechos de los consumidores “Las infracciones a lo dispuesto en esta ley serán sancionadas con multa de hasta 300 unidades tributarias mensuales, si no tuvieren señalada una sanción diferente.”
Que la misma norma y el artículo siguiente ordenan al juez de la causa, que para determinar la cuantía de la multa, ha de fijarse en la existencia de eventuales circunstancias atenuantes y agravantes, las que en este caso no existen, y luego de ello proceder con un criterio de proporcionalidad entre la gravedad de la multa, la capacidad económica del infractor, la profesionalidad del proveedor y el grado de asimetría entre el infractor y la víctima entre otras circunstancias.

Segundo: Que en la especie ante la falta de modificatorias de responsabilidad, la cuantía de la multa que viene aplicada a la querellada asciende al equivalente de 20 UTM, dentro de un rango máximo que podría llegar hasta las 300 UTM. Mirado bajo esa óptica el monto que en definitiva habrá de pagar la querellada e infractora -una empresa especializada en el rubro de la gestión de viajes- y aplicados los parámetros de la sana crítica, llevan innegablemente a concluir que tal cuantía resulta de un monto más que razonable a la luz de la conducta infractora detectada, aspecto en el que esta Corte no innovará por entender que el deber de proporcionalidad no puede sino entenderse satisfecho.

Tercero: Que distinto ocurre en relación con el apercibimiento y el beneficio al que se destina la multa impuesta por el a quo, toda vez que en ambos casos está a lo preceptuado en las leyes que en lo general rigen a los Juzgados especiales de Policía Local, pero que se ven superadas por la especialidad de las normas de protección a los derechos del consumidor contenidas en la ley del ramo, en cuyas disposiciones no se contempla el referido apercibimiento para el caso de no acatar la orden de pagar la multa, en tanto que mandata que esta última lo sea a beneficio fiscal.

Por lo antedicho, se impone que esta Corte enmiende, en esos dos extremos, el fallo apelado, de la manera en que más adelante se dirá.

Cuarto: Que, en lo tocante a la condena en costas, este Tribunal advierte que la querellada y demandada, sí resultó totalmente vencida, desde que las pretensiones tanto en lo infraccional como en lo civil fueron acogidas por el Juez de la causa, condenando a la demandada y querellada a sendas multa e indemnización de perjuicios, independientemente de las cantidades o montos dinerarios correspondientes a ésta. Esto, unido a la ausencia de motivos plausibles para litigar de la parte infractora, conducirá a la confirmatoria de su condena en costas, cuya determinación sea fijándolas y/o regulándolas pertenece primeramente, a la decisión del juez a quo, conforme dicten los antecedentes de la causa.

Y de conformidad a lo dispuesto en los artículos 32 y siguientes de la Ley N°18.287 y Ley N°19.946, se decide lo siguiente:
I.- Se revoca la sentencia apelada de trece de noviembre del año dos mil veintitrés, de fojas ochenta y ocho y siguientes, pronunciada por Segundo Juzgado de Policía Local de San Miguel, en cuanto por ella se fija el apercibimiento de reclusión nocturna por vía de sustitución y apremio, apercibimiento que se elimina.
II.- Se confirma en lo demás la referida sentencia definitiva, con declaración que la multa fijada en ella lo es a beneficio fiscal acorde a lo dispuesto en el artículo 61 de la citada ley especial.
Regístrese y devuélvase.

N° Policia Local-205-2024",Ninguna
184-2023,2025-05-16, C.A. de La Serena,"Villagrán Castillo, Vinka
Administradora de Supermercados Hiper Limitada
Infracción a la Ley 19.496
Rol 184-2023 (Rol 18.846-2022 del Primer Juzgado de Policía Local de La Serena)
La Serena, dieciséis de mayo de dos mil veinticinco.

VISTOS:
Se reproduce la sentencia en alzada, con excepción de las expresiones “pro” que se indican en el considerando 21°, las que son reemplazadas por la preposición “por”, y se tiene, además, presente:
PRIMERO: Que se encuentra en alzada la apelación deducida por la parte querellada y demandada de autos, en contra de la sentencia definitiva de primera instancia dictada el veinticuatro de mayo de dos mil veintitrés, escrita a fojas 150 y siguientes, que condenó a la Administradora de Supermercados Hiper Limitada al pago de una multa de 10 Unidades Tributarias Mensuales, por infracción al artículo 3 letra d), 12 y 23 de la Ley 19.496; y, en consecuencia, también la condenó a pagar la suma de $1.000.000 (un millón de pesos) por concepto de daño moral.

Funda sus alegaciones indicando que su parte no detenta la calidad de proveedor en los términos del artículo 1 numeral 2 de la Ley 19.496, ya que la actora reclama el incumplimiento de una supuesta obligación de seguridad a los vehículos que se estacionan en el recinto del Supermercado, destacando también que no se cobra por ese servicio y se trata de un sector de libre acceso al público.

Agrega que el Supermercado cuenta con guardias y cámaras de seguridad en todo el recinto, por lo cual los hechos descritos por la actora no se produjeron debido a la negligencia de Hipermercado Líder, sino que aquello ocurrió no obstante haber desplegado el actuar que la ley le exige, esto es, con la debida diligencia en los términos del artículo 23 inciso 1° de la Ley 19.496. Por lo tanto, estima que estamos en presencia de un hecho realizado por terceros por el cual la denunciada no es responsable; y, por consiguiente, es constitutivo de caso fortuito, no imputable a Administradora de Supermercados Híper Limitada.

Refiere también que, con relación al daño moral por el cual fue condenada, la sentenciadora incurrió en un error al denegar las tachas alegadas por su parte. Asimismo, en cuanto a la valoración que se efectúa respecto de los certificados médicos y certificados de discapacidad, lo cierto es que ello no guarda relación de causalidad alguna con el hecho que se imputa, puesto que se trata de documentos que sólo darían cuenta de la discapacidad de los hijos de la actora.

Previas citas legales y jurisprudenciales, solicita se revoque la sentencia de primera instancia y, en su reemplazo se declare que se rechazan en todas sus partes la denuncia infraccional y la demanda civil. O bien, en subsidio de lo anterior, se confirme la sentencia impugnada con declaración que se reduce el monto de la multa la indemnización prudencialmente.

SEGUNDO: Que, en primer lugar, resulta necesario señalar que en el considerando 19° de la sentencia apelada se indica “Que con las presentaciones de la actora y las pruebas rendidas por ésta […] se puede establecer como hecho indubitado que con fecha 13 de mayo de 2022, siendo aproximadamente las 15:23 horas, doña Vinka Castillo Villagrán junto con su cónyuge e hijo, ingresaron al Supermercado Hiper Líder ubicado en calle Avenida Ulriksen N°3128 con Cuatro Esquinas, de la comuna de La Serena con el fin de realizar unas compras, dejando sus 2 bicicletas, marca Oxford, sujetas con candados y claves en los estacionamientos habilitados al efecto en dicho supermercado. Que al volver de las compras se encontraron con que sus 2 bicicletas habían sido sustraídas de ese lugar”.

Para ello la actora acompañó en su escrito de querella y demanda civil una copia de la boleta N°001784107693, que da cuenta de la existencia de un acto jurídico oneroso entre esta y el proveedor denunciado que permite establecer que la sola presencia de la consumidora en dependencias de la querellada y demandada a fin de realizar compras en su interior, tal como se acreditó en autos con la documental y testifical allegada, y el hecho de haber estacionado las bicicletas en las que se desplazaba junto a su hijo para efectuar dichos actos de consumo, y que a la postre sufriera perjuicios al ser estas sustraídas por terceros, permite la aplicación de la Ley 19.496 y específicamente de la obligación de seguridad en ella contenida.

En consecuencia, es opinión de estos sentenciadores que la querellada y demandada civil en estos autos detenta la calidad de proveedor en los términos establecidos en la mencionada Ley de Protección de los Derechos de los Consumidores y le asiste el cumplimiento de los deberes y obligaciones que dicho texto legal detalla.

TERCERO: Que, luego, resulta conveniente destacar que a los consumidores les asiste el derecho establecido en el artículo 3 letra d) de la Ley 19.496: “La seguridad en el consumo de bienes o servicios, la protección de la salud y el medio ambiente y el deber de evitar los riesgos que puedan afectarles”. En ese sentido, el deber que tiene el proveedor de bienes y/o servicios es de carácter preventivo, cuya responsabilidad de indemnizar por daños y perjuicios se generará en el evento que exista un daño efectivo y acreditable para el consumidor dentro de la relación de consumo.

Además, respecto de esta obligación de seguridad, existe nutrida jurisprudencia que señala que el deber legal de proporcionar estacionamientos a los clientes, no se agota con poner a disposición del público el lugar físico, sino que va acompañada de otros deberes implícitos que le son inherentes, como la adopción de medidas para una adecuada y segura circulación, o la adopción de medidas de seguridad que tiendan a evitar hechos delictivos sobre los vehículos de los usuarios, debiendo adoptar medidas de defensa eficientes, eficaces y efectivas para evitar el evento dañoso o sus consecuencias. Asimismo, dichas instalaciones forman parte de la estructura del supermercado entendiéndose como un todo de tal manera que debe considerarse dentro de la esfera de protección de la denunciada, debiendo esta, en consecuencia, velar por la vigilancia y seguridad del estacionamiento.

Como se puede apreciar, el estándar de actuación del supermercado está configurado por una serie de deberes que, concatenados, logran cumplir con lo deseado por el legislador, cuestión que, conforme se establece en los hechos determinados por la sentenciadora de base, en la especie no se cumple, lo cual fundamenta la decisión de sancionar a Hiper Lider con una multa equivalente a 10 UTM, con lo cual se desechará las alegaciones vertidas por la apelante sobre este punto.

CUARTO: Que, entonces, y hallándose establecida la responsabilidad infraccional de la empresa denunciada y demandada, resulta que dicha cuestión importa que en el caso de autos se ha generado una fuente de responsabilidad civil para ésta, como quiera que acreditada como se encuentra la relación de consumo y el hecho infraccional producido en el ámbito de ella, ha de darse aplicación a lo regulado en la Ley de Protección de los Derechos de los Consumidores, y, por ende, surge la responsabilidad en sede contractual sobre la que descansa la pretensión indemnizatoria, y esto último en la medida que se haya probado la existencia y monto de los perjuicios postulados.

QUINTO: Que, respecto del daño moral, y como ya se ha dicho por esta Corte, este es entendido “…como el pesar, dolor o molestia que sufre una persona en su sensibilidad física o en sus sentimientos, creencias o afectos. Si se atiende al concepto, abarca no solo las lesiones a bienes de la personalidad, lo que en estricto rigor constituye daño moral, sino que además quedan comprendidas las lesiones corporales, la aflicción psicológica y la pérdida de oportunidades para disfrutar de la vida. De esta manera y considerando la lesión de un interés jurídicamente relevante, se puede llegar a la compensación del daño no patrimonial no solo por el dolor o sufrimiento que se padece, puesto que el daño extrapatrimonial protege más al incluso del pretium doloris, que es solo una especie del mismo. En esta misma línea, la profesora Carmen Domínguez Hidalgo explica que la definición de daño moral debe ser lo más amplia posible, incluyendo todo daño a la persona en sí misma (física-psíquica), como todo atentado contra sus intereses extrapatrimoniales, esto es como todo menoscabo en un bien no patrimonial o a un interés moral por quien se encontraba obligado a respetarlo, ya sea en virtud de un contrato o de otra fuente.
Sin embargo, no queda liberado la afectada de acreditarlo, debiendo acompañarse datos probatorios suficientes que permitan al tribunal ponderar los efectos reales provocados a la actora, precisión que es compartido por la doctrina…” (Iltma. Corte de Apelaciones de La Serena, sentencia rol 149-2023, de doce de diciembre de dos mil veinticuatro, c.6°).

SEXTO: Que en lo tocante a este rubro, ha de decirse que de los antecedentes colacionados en el fallo impugnado a propósito de la responsabilidad infraccional que se estableció precedentemente, aparece que, al regresar de sus compras en el Supermercado Líder, la actora se percató de la sustracción de sus dos bicicletas, a pesar de haberlas dejado con candado y clave de seguridad en los lugares habilitados para ello.

Asimismo, como prueba de las afectaciones sufridas por la querellante y demandante civil, la sentenciadora ponderó los certificados médicos rolantes a fojas 76, la credencial de discapacidad de sus hijos de fojas 78 y 79, certificado de psicólogo de fojas 81 y siguientes además de las declaraciones de los testigos, dando por probado el nexo causal entre los hechos establecidos y el perjucio sufrido por la actora.

Pues bien, esos antecedentes constituyen, a juicio de estos sentenciadores, bases de presunción o indicios, a partir de las cuales es posible construir, mediante un proceso lógico relacional (procedimiento de inferencia), una presunción judicial que, apreciada conforme a las reglas de la sana crítica, es decir, en forma razonada, reflexiva y crítica, autoriza a concluir acerca de la existencia de las aflicciones y molestias que hubo de sufrir a propósito de toda la azarosa y molesta situación que le tocó vivenciar.

Lo anterior es lo normal y corriente de las cosas (criterio de normalidad), por lo que de frente a tal escenario debe tenerse por concurrente ese tipo de daño extrapatrimonial que se persigue, cobrando además relevancia aquí, y en cuanto al factor de imputabilidad, la presunción de culpabilidad del incumplimiento obligacional, acorde a lo que prevé el inciso tercero del artículo 1547 del Código Civil.

SÉPTIMO: Que, ahora, y teniendo presente la ausencia de baremos legales que regulen el quantum de la indemnización por el daño moral, ella queda entregada en último término a la prudencia del juzgador, quien debe cuantificarla acorde a la entidad del dolor o aflicción ocasionado e igualmente considerando aspectos relacionados con la justicia material que debe tenerse siempre presente en la tarea de otorgar una tutela judicial efectiva.

Así las cosas, estos sentenciadores comparten la decisión de la jueza a quo, de condenar a la demandada al pago de un millón de pesos en los términos señalados en la parte resolutiva de la sentencia apelada.

Por estas consideraciones y lo establecido en los artículos 1, 3 letra d) y 23 de la Ley 19.496 y artículos 32, 35 y 36 de la Ley 18.287 SE CONFIRMA la sentencia de veinticuatro de mayo de dos mil veintitrés, escrita a fojas 150 y siguientes de estos autos.

Redacción de la Abogada Integrante señora Salas Salazar.

Regístrese y devuélvase.

Rol Corte Nº 184-2023 (Policía Local).-",Ninguna
14-2025,2025-05-16, C.A. de Antofagasta,"Dpp/
Antofagasta, dieciséis de mayo de dos mil veinticinco.

VISTOS Y TENIENDO PRESENTE:
PRIMERO: Que Marcelo Anibal Pereira Soto, abogado, en representación del Banco Security, interpuso demanda en contra de don Guillermo Orlando Labbe Lagunas, titular de cuenta corriente y tarjeta de crédito, por transacciones impugnadas (total: $2.495.375), invocando el artículo 5° de la Ley 20.009, para que se declare, que el usuario obró con dolo o culpa grave en las transacciones que desconoce.

El Segundo Juzgado de Policía Local de Antofagasta declaró el abandono del procedimiento (fs. 25) aplicando el artículo 5° bis de la Ley 20.009, al considerar que el demandante cesó en la prosecución del juicio por más de tres meses.

Luego, el demandante dedujo recurso de apelación en contra de dicha resolución, argumentando que la sanción de abandono solo rige para procedimientos del artículo 5° bis (acción cautelar), no para demandas ordinarias del artículo 5° de la citada ley.

SEGUNDO: Que, en el caso planteado, es necesario diferenciar los alcances de los artículos 5° y 5° bis de la Ley N° 20.009.

El artículo 5°, contempla una acción ordinaria para declarar culpa grave, sujeta al procedimiento del Título IV de la Ley 19.496 (Normas de Protección al Consumidor). De otro lado, el artículo 5° bis, establece un procedimiento cautelar para suspender restitución de fondos, con plazos estrictos y sanción de abandono a los tres meses (inciso 5°).

TERCERO: Que, en el caso de autos, el juez a quo aplicó indebidamente el artículo 5° bis a un caso regido por el artículo 5°, confundiendo el ámbito de aplicación de ambas normas, dado que, la sanción de abandono de tres meses es exclusiva del procedimiento cautelar (art. 5° bis), no de la acción ordinaria.

En efecto, el artículo 5° bis es excepcional y aplicable solo a solicitudes de suspensión cautelar, no a acciones declarativas de culpa grave.

Por estas consideraciones, de conformidad con lo dispuesto en el artículo 5 y siguientes de la Ley 20.009 y 188, y siguientes del Código de Procedimiento Civil se REVOCA, la resolución de fecha nueve de enero de dos mil veinticinco, pronunciada por el Segundo Juzgado de Policía Local de Antofagasta, en causa ROL 11.742-2024, manteniendo la demanda vigente, y el procedimiento en cuestión, en la medida que se cumplan los demás presupuestos legales contemplados para dichos efectos.

Regístrese y comuníquese.

Rol 14-2025 (POL)",['20.009']
24-2025,2025-05-16, C.A. de Antofagasta,"Dpp/
Antofagasta, a dieciséis de mayo de dos mil veinticinco.

VISTOS:
Atendido el mérito de los antecedentes y visto lo dispuesto en la Ley 19.496 y artículos 186 y siguientes del Código de Procedimiento Civil, SE CONFIRMA, la resolución apelada de fecha siete de enero del año en curso, dictada en causa Rol 128-2025 del Primer Juzgado de Policía Local de Antofagasta.

Regístrese y comuníquese.

Rol 24-2025 (PL)",Ninguna
23-2025,2025-05-16, C.A. de Antofagasta,"Dpp/
Antofagasta, a dieciséis de mayo de dos mil veinticinco.

VISTOS:
Atendido el mérito de los antecedentes y visto lo dispuesto en la Ley 19.496 y artículos 186 y siguientes del Código de Procedimiento Civil, SE CONFIRMA, la resolución apelada de fecha siete de enero del año en curso, dictada en causa Rol 176-2025 del Primer Juzgado de Policía Local de Antofagasta.

Regístrese y comuníquese.

Rol 23-2025 (PL)",Ninguna
